,Network,QuantBits,Accuracy,AccuracySubMetric1,AccuracySubMetric2,AccuracySubMetric3,Sparsity,Size,Valid
0,vgg11,8,93.47,99.88,0.2762365532344931,0.0,0,0,1
1,vgg11,4,41.74,90.44,4.032279172520727,0.0,0,0,0
2,vgg11,5,79.65,98.75,0.8985476177778977,0.0,0,0,0
3,vgg11,6,91.75,99.87,0.32755687905202613,0.0,0,0,1
4,vgg11,7,93.45,99.89,0.27913138084706796,0.0,0,0,1
5,resnet18,8,95.28,99.98,0.15580884316509028,0.0,0,0,1
6,resnet18,4,12.429999999999996,63.81,10.597379192425192,0.0,0,0,0
7,resnet18,5,66.3,97.39,1.526610919624377,0.0,0,0,0
8,resnet18,6,88.58,99.62,0.4103569705395181,0.0,0,0,1
9,resnet18,7,94.19999999999999,99.91,0.19017929429556155,0.0,0,0,1
10,vgg16,8,94.23,99.86,0.2708433587133741,0.0,0,0,1
11,vgg16,4,42.44,82.74000000000001,3.9669198595034856,0.0,0,0,0
12,vgg16,5,61.870000000000005,96.39,2.6098927297409937,0.0,0,0,0
13,vgg16,6,91.36,99.86,0.3949574465999842,0.0,0,0,1
14,vgg16,7,94.13,99.87,0.2746902837085828,0.0,0,0,1
15,resnet50,8,83.98,97.87,0.5516022204593493,0.0,0,0,1
16,resnet50,4,16.65,37.46000000000001,4.819802136937524,0.0,0,0,0
17,resnet50,5,55.269999999999996,81.42,1.9271530960775474,0.0,0,0,0
18,resnet50,6,78.92,96.05,0.7552803585863419,0.0,0,0,1
19,resnet50,7,83.07,97.55,0.5751998908580489,0.0,0,0,1
20,mobilenet,8,71.93,92.97,1.3528565756834239,0.0,0,0,1
21,mobilenet,4,1.0399999999999965,5.640000000000001,10.12858019664789,0.0,0,0,0
22,mobilenet,5,4.979999999999995,16.75,7.044603776020608,0.0,0,0,0
23,mobilenet,6,44.98,74.02,2.8531026194809357,0.0,0,0,0
24,mobilenet,7,65.14999999999999,89.07000000000001,1.7812077300563744,0.0,0,0,1
25,inception_v3,8,76.5564980793854,93.1578104993598,1.0162586005793337,0.0,0,0,1
26,inception_v3,4,0.5281690140845119,1.848591549295775,8.081136679069337,0.0,0,0,0
27,inception_v3,5,59.859154929577464,82.49039692701665,1.8406245147525557,0.0,0,0,0
28,inception_v3,6,74.43581946222791,92.0774647887324,1.1071391366660672,0.0,0,0,1
29,inception_v3,7,76.20438540332907,93.02576824583866,1.026269079094202,0.0,0,0,1
